username0,a723887701b646c6a87ff58bc88b8038
username1,f5fec71ad3fb4a6eb8e529f587ae57b0
username2,6b0f5f56818a482791c4393d354bd9dc
username3,1b4168cd4d514992b13c5d29aa1cdb99
username4,8bde7bf42bb645d68d1015db42a0ab8b
username5,80c6ccded6f046229ed1357244f6a2df
username6,3cc447dcb0f846429bc9f2fae076597b
username7,8d118355844e4e1794e665fc0d302dec
username8,95167411dff646879461c6ffe70ea474
username9,b475022ae09a440b86bb83dd6b3aadb5
username10,19d615c11aa6429f89841b087dfa5b6d
username11,db8e4dadcb234e7fa7dcb127ddeaedcb
username12,7052b800865340d9b65d372ffa2de0a5
username13,e27e1cdddd0e492bb0d781a75b0be065
username14,7c42062dfa594ef4b9f6a2ae669f09de
username15,98f332baf0c24bf095a6d99841b64f28
username16,c6ac8a472ea940f28ae1b9012f342a67
username17,84aec328b93646ac8ce0ca8fe82ebe81
username18,51b53b2631814b7c9acfb75a81898d88
username19,d03193cb1f80478bab20aa356b974e39
